DROP TABLE bmaddcosts;
CREATE TABLE bmaddcosts (idbmaddcosts int NOT NULL AUTO_INCREMENT, bmcosts decimal(16,2), bmcostsdesc varchar(300), bmorder_idbmorder int NOT NULL, PRIMARY KEY (idbmaddcosts), INDEX fk_bmaddcosts_bmorder1_idx (bmorder_idbmorder)) ENGINE=InnoDB DEFAULT CHARSET=utf8 COMMENT='额外费用';
INSERT INTO bmaddcosts (idbmaddcosts, bmcosts, bmcostsdesc, bmorder_idbmorder) VALUES (6, 0.00, 'asdf', 51);
INSERT INTO bmaddcosts (idbmaddcosts, bmcosts, bmcostsdesc, bmorder_idbmorder) VALUES (8, 100.00, 'as', 52);
INSERT INTO bmaddcosts (idbmaddcosts, bmcosts, bmcostsdesc, bmorder_idbmorder) VALUES (9, 100.10, '测试', 53);
INSERT INTO bmaddcosts (idbmaddcosts, bmcosts, bmcostsdesc, bmorder_idbmorder) VALUES (10, 12.00, '按时的', 54);
INSERT INTO bmaddcosts (idbmaddcosts, bmcosts, bmcostsdesc, bmorder_idbmorder) VALUES (11, 1.00, '额外', 55);
INSERT INTO bmaddcosts (idbmaddcosts, bmcosts, bmcostsdesc, bmorder_idbmorder) VALUES (13, 2.00, '额外3', 55);
INSERT INTO bmaddcosts (idbmaddcosts, bmcosts, bmcostsdesc, bmorder_idbmorder) VALUES (14, 1.00, 'asd', 56);
INSERT INTO bmaddcosts (idbmaddcosts, bmcosts, bmcostsdesc, bmorder_idbmorder) VALUES (15, 3.00, 'asfd', 56);
INSERT INTO bmaddcosts (idbmaddcosts, bmcosts, bmcostsdesc, bmorder_idbmorder) VALUES (16, 12.00, 'as', 61);
INSERT INTO bmaddcosts (idbmaddcosts, bmcosts, bmcostsdesc, bmorder_idbmorder) VALUES (17, 11.00, '测试', 61);
INSERT INTO bmaddcosts (idbmaddcosts, bmcosts, bmcostsdesc, bmorder_idbmorder) VALUES (18, 100.00, '测试', 66);
INSERT INTO bmaddcosts (idbmaddcosts, bmcosts, bmcostsdesc, bmorder_idbmorder) VALUES (20, 100.01, '测试', 68);
INSERT INTO bmaddcosts (idbmaddcosts, bmcosts, bmcostsdesc, bmorder_idbmorder) VALUES (21, 100.01, '测试', 69);
INSERT INTO bmaddcosts (idbmaddcosts, bmcosts, bmcostsdesc, bmorder_idbmorder) VALUES (22, 1.01, 'adsf', 72);
INSERT INTO bmaddcosts (idbmaddcosts, bmcosts, bmcostsdesc, bmorder_idbmorder) VALUES (23, 0.01, 'asfd', 92);
INSERT INTO bmaddcosts (idbmaddcosts, bmcosts, bmcostsdesc, bmorder_idbmorder) VALUES (25, 120.00, 'asdf', 93);
INSERT INTO bmaddcosts (idbmaddcosts, bmcosts, bmcostsdesc, bmorder_idbmorder) VALUES (26, 100.00, '100', 93);
INSERT INTO bmaddcosts (idbmaddcosts, bmcosts, bmcostsdesc, bmorder_idbmorder) VALUES (30, 123.00, 'asf', 95);
INSERT INTO bmaddcosts (idbmaddcosts, bmcosts, bmcostsdesc, bmorder_idbmorder) VALUES (35, 0.01, 'saf', 94);
INSERT INTO bmaddcosts (idbmaddcosts, bmcosts, bmcostsdesc, bmorder_idbmorder) VALUES (36, 123.00, 'asdf', 94);
INSERT INTO bmaddcosts (idbmaddcosts, bmcosts, bmcostsdesc, bmorder_idbmorder) VALUES (37, 0.23, 'afd', 96);
INSERT INTO bmaddcosts (idbmaddcosts, bmcosts, bmcostsdesc, bmorder_idbmorder) VALUES (38, 123.00, '123', 96);
INSERT INTO bmaddcosts (idbmaddcosts, bmcosts, bmcostsdesc, bmorder_idbmorder) VALUES (39, 1443.00, 'qwr', 97);
DROP TABLE bmdelivery;
CREATE TABLE bmdelivery (idbmdelivery int NOT NULL AUTO_INCREMENT, bmdreccompany varchar(100) COMMENT '收货单位', bmdeliverynum varchar(45) COMMENT '送货编号', bmdeliverydate date COMMENT '送货日期', bmdeliveryuser varchar(45) COMMENT '送货人', bmdeliveryuserid int COMMENT '送货人ID', PRIMARY KEY (idbmdelivery)) ENGINE=InnoDB DEFAULT CHARSET=utf8 COMMENT='送货清单';
DROP TABLE bmmarker;
CREATE TABLE bmmarker (idbmmarker int NOT NULL AUTO_INCREMENT, bmmnum int, bmmtype int, PRIMARY KEY (idbmmarker)) ENGINE=InnoDB DEFAULT CHARSET=utf8;
INSERT INTO bmmarker (idbmmarker, bmmnum, bmmtype) VALUES (3, 41, 16060000);
INSERT INTO bmmarker (idbmmarker, bmmnum, bmmtype) VALUES (4, 8, 16070000);
INSERT INTO bmmarker (idbmmarker, bmmnum, bmmtype) VALUES (5, 14, 1600000);
DROP TABLE bmorder;
CREATE TABLE bmorder (idbmorder int NOT NULL AUTO_INCREMENT, bmcusname varchar(100) COMMENT '客户名称', bmordernum varchar(45) COMMENT '订单编号', bmbillingdate date COMMENT '开单日期', bmdeliverydate date COMMENT '交货日期', bmpaymethod varchar(100) COMMENT '付款方式', bmcurrencytype int COMMENT '币种', bmaddcosts decimal(16,2) COMMENT '额外费用', bmorderamount decimal(16,2) COMMENT '订单金额', bmcomments varchar(400) COMMENT '备注', bmstatus int, bmcreateuserid int, bmdelivery_idbmdelivery int, tuser_iduser int, tcustomer_idcustomer int, bmpacreq varchar(200), bmdenum varchar(45), PRIMARY KEY (idbmorder), INDEX fk_bmorder_tuser1_idx (tuser_iduser), INDEX fk_bmorder_tcustomer1_idx (tcustomer_idcustomer)) ENGINE=InnoDB DEFAULT CHARSET=utf8 COMMENT='订单信息';
INSERT INTO bmorder (idbmorder, bmcusname, bmordernum, bmbillingdate, bmdeliverydate, bmpaymethod, bmcurrencytype, bmaddcosts, bmorderamount, bmcomments, bmstatus, bmcreateuserid, bmdelivery_idbmdelivery, tuser_iduser, tcustomer_idcustomer, bmpacreq, bmdenum) VALUES (13, '客户名称1', 'YW8000013', '2016-05-29', '2016-05-29', 'ad', null, 123.00, 13.00, 'asdf', 0, 11, null, 6, 1, '包装要求', null);
INSERT INTO bmorder (idbmorder, bmcusname, bmordernum, bmbillingdate, bmdeliverydate, bmpaymethod, bmcurrencytype, bmaddcosts, bmorderamount, bmcomments, bmstatus, bmcreateuserid, bmdelivery_idbmdelivery, tuser_iduser, tcustomer_idcustomer, bmpacreq, bmdenum) VALUES (14, '客户名称1', 'YW8000014', '2016-05-26', '2016-05-24', 'asd', null, 0.00, 1111.00, 'asdf', 0, 11, null, 11, 1, null, '1600007');
INSERT INTO bmorder (idbmorder, bmcusname, bmordernum, bmbillingdate, bmdeliverydate, bmpaymethod, bmcurrencytype, bmaddcosts, bmorderamount, bmcomments, bmstatus, bmcreateuserid, bmdelivery_idbmdelivery, tuser_iduser, tcustomer_idcustomer, bmpacreq, bmdenum) VALUES (15, '客户名称22', 'YW8000015', '2016-05-27', '2016-05-31', 'asd', null, 11.00, 2444.00, 'asf', 0, 11, null, 11, 3, null, null);
INSERT INTO bmorder (idbmorder, bmcusname, bmordernum, bmbillingdate, bmdeliverydate, bmpaymethod, bmcurrencytype, bmaddcosts, bmorderamount, bmcomments, bmstatus, bmcreateuserid, bmdelivery_idbmdelivery, tuser_iduser, tcustomer_idcustomer, bmpacreq, bmdenum) VALUES (17, '客户名称1', 'YW8000017', '2016-05-06', '2016-05-05', '123', null, 123.00, 0.00, 'sfsf', 0, 11, null, 11, 1, null, null);
INSERT INTO bmorder (idbmorder, bmcusname, bmordernum, bmbillingdate, bmdeliverydate, bmpaymethod, bmcurrencytype, bmaddcosts, bmorderamount, bmcomments, bmstatus, bmcreateuserid, bmdelivery_idbmdelivery, tuser_iduser, tcustomer_idcustomer, bmpacreq, bmdenum) VALUES (18, '客户名称1', 'YW8000018', '2016-05-29', null, '123', null, 0.00, 1111.00, 'as', 0, 11, null, 11, 1, 'asdf', null);
INSERT INTO bmorder (idbmorder, bmcusname, bmordernum, bmbillingdate, bmdeliverydate, bmpaymethod, bmcurrencytype, bmaddcosts, bmorderamount, bmcomments, bmstatus, bmcreateuserid, bmdelivery_idbmdelivery, tuser_iduser, tcustomer_idcustomer, bmpacreq, bmdenum) VALUES (19, '客户名称22', 'YW8000019', '2016-05-29', '2016-05-31', 'asd', null, 0.00, 1111.00, 'asdfasd', 0, 11, null, 11, 3, '包装要求', null);
INSERT INTO bmorder (idbmorder, bmcusname, bmordernum, bmbillingdate, bmdeliverydate, bmpaymethod, bmcurrencytype, bmaddcosts, bmorderamount, bmcomments, bmstatus, bmcreateuserid, bmdelivery_idbmdelivery, tuser_iduser, tcustomer_idcustomer, bmpacreq, bmdenum) VALUES (20, '客户名称1', 'YW8000020', '2016-05-20', '2016-05-25', '13', null, 123.00, 245.00, 'asdf', 2, 11, null, 11, 1, null, null);
INSERT INTO bmorder (idbmorder, bmcusname, bmordernum, bmbillingdate, bmdeliverydate, bmpaymethod, bmcurrencytype, bmaddcosts, bmorderamount, bmcomments, bmstatus, bmcreateuserid, bmdelivery_idbmdelivery, tuser_iduser, tcustomer_idcustomer, bmpacreq, bmdenum) VALUES (21, '客户名称1', 'YW8000021', '2016-05-29', '2016-06-03', 'asd', null, 0.00, 1200.00, 'asdf', 0, 11, null, 11, 1, null, null);
INSERT INTO bmorder (idbmorder, bmcusname, bmordernum, bmbillingdate, bmdeliverydate, bmpaymethod, bmcurrencytype, bmaddcosts, bmorderamount, bmcomments, bmstatus, bmcreateuserid, bmdelivery_idbmdelivery, tuser_iduser, tcustomer_idcustomer, bmpacreq, bmdenum) VALUES (22, '客户名称1', 'YW8000022', '2016-05-30', '2016-05-30', '', null, 0.00, 1200.00, '订单详情', 0, 11, null, 11, 1, null, null);
INSERT INTO bmorder (idbmorder, bmcusname, bmordernum, bmbillingdate, bmdeliverydate, bmpaymethod, bmcurrencytype, bmaddcosts, bmorderamount, bmcomments, bmstatus, bmcreateuserid, bmdelivery_idbmdelivery, tuser_iduser, tcustomer_idcustomer, bmpacreq, bmdenum) VALUES (23, '客户名称1', 'YW8000023', '2016-05-30', '2016-05-30', '测', null, 123.00, 0.00, '撒旦法', 2, 11, null, 11, 1, null, null);
INSERT INTO bmorder (idbmorder, bmcusname, bmordernum, bmbillingdate, bmdeliverydate, bmpaymethod, bmcurrencytype, bmaddcosts, bmorderamount, bmcomments, bmstatus, bmcreateuserid, bmdelivery_idbmdelivery, tuser_iduser, tcustomer_idcustomer, bmpacreq, bmdenum) VALUES (24, '客户名称1', 'YW8000024', '2016-05-31', null, '月结', null, 0.00, 111.00, '', 0, 11, null, 11, 1, null, null);
INSERT INTO bmorder (idbmorder, bmcusname, bmordernum, bmbillingdate, bmdeliverydate, bmpaymethod, bmcurrencytype, bmaddcosts, bmorderamount, bmcomments, bmstatus, bmcreateuserid, bmdelivery_idbmdelivery, tuser_iduser, tcustomer_idcustomer, bmpacreq, bmdenum) VALUES (25, '客户名称1', 'YW8000025', '2016-05-31', '2016-06-02', '现金', null, 0.00, 1210.00, 'asdf', 0, 11, null, 11, 1, null, null);
INSERT INTO bmorder (idbmorder, bmcusname, bmordernum, bmbillingdate, bmdeliverydate, bmpaymethod, bmcurrencytype, bmaddcosts, bmorderamount, bmcomments, bmstatus, bmcreateuserid, bmdelivery_idbmdelivery, tuser_iduser, tcustomer_idcustomer, bmpacreq, bmdenum) VALUES (26, '客户名称1', 'YW8000026', '2016-05-31', '2016-05-31', '现金', null, 0.00, 13.00, 'asd', 0, 11, null, 11, 1, null, null);
INSERT INTO bmorder (idbmorder, bmcusname, bmordernum, bmbillingdate, bmdeliverydate, bmpaymethod, bmcurrencytype, bmaddcosts, bmorderamount, bmcomments, bmstatus, bmcreateuserid, bmdelivery_idbmdelivery, tuser_iduser, tcustomer_idcustomer, bmpacreq, bmdenum) VALUES (27, '客户名称1', 'YW8000027', '2016-05-31', '2016-05-31', '现金', null, 0.00, 21.00, '', 1, 11, null, 11, 1, null, null);
INSERT INTO bmorder (idbmorder, bmcusname, bmordernum, bmbillingdate, bmdeliverydate, bmpaymethod, bmcurrencytype, bmaddcosts, bmorderamount, bmcomments, bmstatus, bmcreateuserid, bmdelivery_idbmdelivery, tuser_iduser, tcustomer_idcustomer, bmpacreq, bmdenum) VALUES (28, '客户名称1', 'YW8000028', '2016-05-31', null, '现金', null, 0.00, 10.00, '', 0, 11, null, 11, 1, null, null);
INSERT INTO bmorder (idbmorder, bmcusname, bmordernum, bmbillingdate, bmdeliverydate, bmpaymethod, bmcurrencytype, bmaddcosts, bmorderamount, bmcomments, bmstatus, bmcreateuserid, bmdelivery_idbmdelivery, tuser_iduser, tcustomer_idcustomer, bmpacreq, bmdenum) VALUES (29, '客户名称1', 'YW8000029', '2016-05-31', null, '现金', null, 100.00, 0.11, '', 0, 11, null, 11, 1, null, null);
INSERT INTO bmorder (idbmorder, bmcusname, bmordernum, bmbillingdate, bmdeliverydate, bmpaymethod, bmcurrencytype, bmaddcosts, bmorderamount, bmcomments, bmstatus, bmcreateuserid, bmdelivery_idbmdelivery, tuser_iduser, tcustomer_idcustomer, bmpacreq, bmdenum) VALUES (30, '客户名称1', 'YW8000030', '2016-05-31', null, '现金', null, 0.00, 0.00, '', 0, 11, null, 11, 1, null, null);
INSERT INTO bmorder (idbmorder, bmcusname, bmordernum, bmbillingdate, bmdeliverydate, bmpaymethod, bmcurrencytype, bmaddcosts, bmorderamount, bmcomments, bmstatus, bmcreateuserid, bmdelivery_idbmdelivery, tuser_iduser, tcustomer_idcustomer, bmpacreq, bmdenum) VALUES (31, '客户名称1', 'YW8000031', '2016-05-31', null, '现金', null, 0.00, 120.00, '', 0, 11, null, 11, 1, null, null);
INSERT INTO bmorder (idbmorder, bmcusname, bmordernum, bmbillingdate, bmdeliverydate, bmpaymethod, bmcurrencytype, bmaddcosts, bmorderamount, bmcomments, bmstatus, bmcreateuserid, bmdelivery_idbmdelivery, tuser_iduser, tcustomer_idcustomer, bmpacreq, bmdenum) VALUES (32, '客户名称1', 'YW8000032', '2016-05-31', null, '现金', null, 0.00, 1200.00, '', 0, 11, null, 11, 1, null, null);
INSERT INTO bmorder (idbmorder, bmcusname, bmordernum, bmbillingdate, bmdeliverydate, bmpaymethod, bmcurrencytype, bmaddcosts, bmorderamount, bmcomments, bmstatus, bmcreateuserid, bmdelivery_idbmdelivery, tuser_iduser, tcustomer_idcustomer, bmpacreq, bmdenum) VALUES (33, '客户名称1', 'YW8000033', '2016-05-31', null, '现金', null, 0.00, 0.00, '', 0, 11, null, 11, 1, null, null);
INSERT INTO bmorder (idbmorder, bmcusname, bmordernum, bmbillingdate, bmdeliverydate, bmpaymethod, bmcurrencytype, bmaddcosts, bmorderamount, bmcomments, bmstatus, bmcreateuserid, bmdelivery_idbmdelivery, tuser_iduser, tcustomer_idcustomer, bmpacreq, bmdenum) VALUES (34, '客户名称1', 'YW8000034', '2016-05-31', null, '现金', null, 0.00, 12.00, '', 0, 11, null, 11, 1, null, null);
INSERT INTO bmorder (idbmorder, bmcusname, bmordernum, bmbillingdate, bmdeliverydate, bmpaymethod, bmcurrencytype, bmaddcosts, bmorderamount, bmcomments, bmstatus, bmcreateuserid, bmdelivery_idbmdelivery, tuser_iduser, tcustomer_idcustomer, bmpacreq, bmdenum) VALUES (35, '客户名称1', 'YW8000035', '2016-05-31', null, '现金', null, 0.00, 120000.00, '', 0, 11, null, 11, 1, null, null);
INSERT INTO bmorder (idbmorder, bmcusname, bmordernum, bmbillingdate, bmdeliverydate, bmpaymethod, bmcurrencytype, bmaddcosts, bmorderamount, bmcomments, bmstatus, bmcreateuserid, bmdelivery_idbmdelivery, tuser_iduser, tcustomer_idcustomer, bmpacreq, bmdenum) VALUES (36, '客户名称1', 'YW8000036', '2016-05-31', null, '现金', null, 0.00, 0.00, '', 0, 11, null, 11, 1, null, null);
INSERT INTO bmorder (idbmorder, bmcusname, bmordernum, bmbillingdate, bmdeliverydate, bmpaymethod, bmcurrencytype, bmaddcosts, bmorderamount, bmcomments, bmstatus, bmcreateuserid, bmdelivery_idbmdelivery, tuser_iduser, tcustomer_idcustomer, bmpacreq, bmdenum) VALUES (37, '客户名称1', 'YW8000037', '2016-05-31', null, '现金', null, 10.00, 0.00, '', 0, 11, null, 11, 1, null, null);
INSERT INTO bmorder (idbmorder, bmcusname, bmordernum, bmbillingdate, bmdeliverydate, bmpaymethod, bmcurrencytype, bmaddcosts, bmorderamount, bmcomments, bmstatus, bmcreateuserid, bmdelivery_idbmdelivery, tuser_iduser, tcustomer_idcustomer, bmpacreq, bmdenum) VALUES (38, '客户名称22', 'YW8000038', '2016-05-31', null, '现金', null, 0.00, 0.00, '', 0, 11, null, 11, 3, null, null);
INSERT INTO bmorder (idbmorder, bmcusname, bmordernum, bmbillingdate, bmdeliverydate, bmpaymethod, bmcurrencytype, bmaddcosts, bmorderamount, bmcomments, bmstatus, bmcreateuserid, bmdelivery_idbmdelivery, tuser_iduser, tcustomer_idcustomer, bmpacreq, bmdenum) VALUES (42, 'dddd', 'YW8000042', '2016-06-05', null, '现金', null, 0.00, 0.00, 'as', 0, 11, null, 11, 7, null, null);
INSERT INTO bmorder (idbmorder, bmcusname, bmordernum, bmbillingdate, bmdeliverydate, bmpaymethod, bmcurrencytype, bmaddcosts, bmorderamount, bmcomments, bmstatus, bmcreateuserid, bmdelivery_idbmdelivery, tuser_iduser, tcustomer_idcustomer, bmpacreq, bmdenum) VALUES (43, '客户名称1', 'YW8000043', '2016-06-05', '2016-06-08', '现金', null, null, 0.00, 'asdf', 0, 11, null, 11, 1, null, null);
INSERT INTO bmorder (idbmorder, bmcusname, bmordernum, bmbillingdate, bmdeliverydate, bmpaymethod, bmcurrencytype, bmaddcosts, bmorderamount, bmcomments, bmstatus, bmcreateuserid, bmdelivery_idbmdelivery, tuser_iduser, tcustomer_idcustomer, bmpacreq, bmdenum) VALUES (44, '客户名称1', 'YW8000044', '2016-06-05', null, '现金', null, null, 0.00, '', 0, 11, null, 11, 1, null, null);
INSERT INTO bmorder (idbmorder, bmcusname, bmordernum, bmbillingdate, bmdeliverydate, bmpaymethod, bmcurrencytype, bmaddcosts, bmorderamount, bmcomments, bmstatus, bmcreateuserid, bmdelivery_idbmdelivery, tuser_iduser, tcustomer_idcustomer, bmpacreq, bmdenum) VALUES (45, '客户名称1', 'YW8000045', '2016-06-05', null, '现金', null, null, 0.00, '', 0, 11, null, 11, 1, null, null);
INSERT INTO bmorder (idbmorder, bmcusname, bmordernum, bmbillingdate, bmdeliverydate, bmpaymethod, bmcurrencytype, bmaddcosts, bmorderamount, bmcomments, bmstatus, bmcreateuserid, bmdelivery_idbmdelivery, tuser_iduser, tcustomer_idcustomer, bmpacreq, bmdenum) VALUES (50, '客户名称22', 'YW8000050', '2016-06-05', null, '现金', null, null, 0.00, 'as', 0, 11, null, 11, 3, null, null);
INSERT INTO bmorder (idbmorder, bmcusname, bmordernum, bmbillingdate, bmdeliverydate, bmpaymethod, bmcurrencytype, bmaddcosts, bmorderamount, bmcomments, bmstatus, bmcreateuserid, bmdelivery_idbmdelivery, tuser_iduser, tcustomer_idcustomer, bmpacreq, bmdenum) VALUES (51, '客户名称1', 'YW8000051', '2016-06-05', null, '现金', null, null, 12.00, '', 0, 11, null, 11, 1, null, null);
INSERT INTO bmorder (idbmorder, bmcusname, bmordernum, bmbillingdate, bmdeliverydate, bmpaymethod, bmcurrencytype, bmaddcosts, bmorderamount, bmcomments, bmstatus, bmcreateuserid, bmdelivery_idbmdelivery, tuser_iduser, tcustomer_idcustomer, bmpacreq, bmdenum) VALUES (52, '客户名称1', 'YW8000052', '2016-06-05', null, '现金', null, null, 1200.00, '', 0, 11, null, 11, 1, null, '1600006');
INSERT INTO bmorder (idbmorder, bmcusname, bmordernum, bmbillingdate, bmdeliverydate, bmpaymethod, bmcurrencytype, bmaddcosts, bmorderamount, bmcomments, bmstatus, bmcreateuserid, bmdelivery_idbmdelivery, tuser_iduser, tcustomer_idcustomer, bmpacreq, bmdenum) VALUES (53, '客户名称1', 'YW8000053', '2016-06-05', '2016-06-15', '现金', null, null, 11210.10, '订单详情', 0, 11, null, 11, 1, null, '1600005');
INSERT INTO bmorder (idbmorder, bmcusname, bmordernum, bmbillingdate, bmdeliverydate, bmpaymethod, bmcurrencytype, bmaddcosts, bmorderamount, bmcomments, bmstatus, bmcreateuserid, bmdelivery_idbmdelivery, tuser_iduser, tcustomer_idcustomer, bmpacreq, bmdenum) VALUES (54, 'asdfa22', '16060001', '2016-06-05', '2016-06-05', '现金', null, null, 1312.00, 'asdf', 0, 11, null, 11, 6, null, null);
INSERT INTO bmorder (idbmorder, bmcusname, bmordernum, bmbillingdate, bmdeliverydate, bmpaymethod, bmcurrencytype, bmaddcosts, bmorderamount, bmcomments, bmstatus, bmcreateuserid, bmdelivery_idbmdelivery, tuser_iduser, tcustomer_idcustomer, bmpacreq, bmdenum) VALUES (55, '客户名称1', '16060002', '2016-06-05', '2016-06-05', '现金', null, null, 13.00, '订单详情', 2, 11, null, 11, 1, null, null);
INSERT INTO bmorder (idbmorder, bmcusname, bmordernum, bmbillingdate, bmdeliverydate, bmpaymethod, bmcurrencytype, bmaddcosts, bmorderamount, bmcomments, bmstatus, bmcreateuserid, bmdelivery_idbmdelivery, tuser_iduser, tcustomer_idcustomer, bmpacreq, bmdenum) VALUES (56, '客户名称1', '16060003', '2016-06-05', '2016-06-05', '现金', null, null, 604.00, '订单详情', 0, 11, null, 11, 1, null, null);
INSERT INTO bmorder (idbmorder, bmcusname, bmordernum, bmbillingdate, bmdeliverydate, bmpaymethod, bmcurrencytype, bmaddcosts, bmorderamount, bmcomments, bmstatus, bmcreateuserid, bmdelivery_idbmdelivery, tuser_iduser, tcustomer_idcustomer, bmpacreq, bmdenum) VALUES (58, '112ddddd', '16060005', '2016-06-05', null, '现金', null, null, 0.00, 'asdf', 0, 11, null, 11, 8, null, null);
INSERT INTO bmorder (idbmorder, bmcusname, bmordernum, bmbillingdate, bmdeliverydate, bmpaymethod, bmcurrencytype, bmaddcosts, bmorderamount, bmcomments, bmstatus, bmcreateuserid, bmdelivery_idbmdelivery, tuser_iduser, tcustomer_idcustomer, bmpacreq, bmdenum) VALUES (59, '客户名称1', '16060006', '2016-06-05', null, '现金', null, null, 0.00, '', 0, 11, null, 11, 1, null, '1600005');
INSERT INTO bmorder (idbmorder, bmcusname, bmordernum, bmbillingdate, bmdeliverydate, bmpaymethod, bmcurrencytype, bmaddcosts, bmorderamount, bmcomments, bmstatus, bmcreateuserid, bmdelivery_idbmdelivery, tuser_iduser, tcustomer_idcustomer, bmpacreq, bmdenum) VALUES (60, '客户名称1', '16070001', '2016-07-12', null, '现金', null, null, 0.00, '', 0, 11, null, 11, 1, null, '1600005');
INSERT INTO bmorder (idbmorder, bmcusname, bmordernum, bmbillingdate, bmdeliverydate, bmpaymethod, bmcurrencytype, bmaddcosts, bmorderamount, bmcomments, bmstatus, bmcreateuserid, bmdelivery_idbmdelivery, tuser_iduser, tcustomer_idcustomer, bmpacreq, bmdenum) VALUES (61, '客户名称22', '16060007', '2016-06-05', null, '现金', null, null, 33.00, 'qwer', 0, 11, null, 11, 3, null, '1600005');
INSERT INTO bmorder (idbmorder, bmcusname, bmordernum, bmbillingdate, bmdeliverydate, bmpaymethod, bmcurrencytype, bmaddcosts, bmorderamount, bmcomments, bmstatus, bmcreateuserid, bmdelivery_idbmdelivery, tuser_iduser, tcustomer_idcustomer, bmpacreq, bmdenum) VALUES (62, '客户名称1', '16060008', '2016-06-09', null, '现金', null, null, 10.00, 'adf', 0, 11, null, 11, 1, null, '1600008');
INSERT INTO bmorder (idbmorder, bmcusname, bmordernum, bmbillingdate, bmdeliverydate, bmpaymethod, bmcurrencytype, bmaddcosts, bmorderamount, bmcomments, bmstatus, bmcreateuserid, bmdelivery_idbmdelivery, tuser_iduser, tcustomer_idcustomer, bmpacreq, bmdenum) VALUES (63, '客户名称1', '16060009', '2016-06-10', null, '现金', null, null, 0.00, '', 0, 11, null, 11, 1, null, null);
INSERT INTO bmorder (idbmorder, bmcusname, bmordernum, bmbillingdate, bmdeliverydate, bmpaymethod, bmcurrencytype, bmaddcosts, bmorderamount, bmcomments, bmstatus, bmcreateuserid, bmdelivery_idbmdelivery, tuser_iduser, tcustomer_idcustomer, bmpacreq, bmdenum) VALUES (64, '客户名称1', 'YW16060010', '2016-06-10', null, '现金', null, null, 0.00, '', 0, 11, null, 11, 1, null, null);
INSERT INTO bmorder (idbmorder, bmcusname, bmordernum, bmbillingdate, bmdeliverydate, bmpaymethod, bmcurrencytype, bmaddcosts, bmorderamount, bmcomments, bmstatus, bmcreateuserid, bmdelivery_idbmdelivery, tuser_iduser, tcustomer_idcustomer, bmpacreq, bmdenum) VALUES (65, '客户名称1', 'YW16060011', '2016-06-10', null, '现金', null, null, 0.00, '', 0, 11, null, 11, 1, null, null);
INSERT INTO bmorder (idbmorder, bmcusname, bmordernum, bmbillingdate, bmdeliverydate, bmpaymethod, bmcurrencytype, bmaddcosts, bmorderamount, bmcomments, bmstatus, bmcreateuserid, bmdelivery_idbmdelivery, tuser_iduser, tcustomer_idcustomer, bmpacreq, bmdenum) VALUES (66, '客户名称1', 'YW16060012', '2016-06-10', null, '现金', null, null, 110.00, '', 0, 11, null, 11, 1, null, '1600009');
INSERT INTO bmorder (idbmorder, bmcusname, bmordernum, bmbillingdate, bmdeliverydate, bmpaymethod, bmcurrencytype, bmaddcosts, bmorderamount, bmcomments, bmstatus, bmcreateuserid, bmdelivery_idbmdelivery, tuser_iduser, tcustomer_idcustomer, bmpacreq, bmdenum) VALUES (68, '客户名称1', 'YW16060013', '2016-06-10', null, '现金', null, null, 120.01, 'asdf', 0, 11, null, 11, 1, null, '1600010');
INSERT INTO bmorder (idbmorder, bmcusname, bmordernum, bmbillingdate, bmdeliverydate, bmpaymethod, bmcurrencytype, bmaddcosts, bmorderamount, bmcomments, bmstatus, bmcreateuserid, bmdelivery_idbmdelivery, tuser_iduser, tcustomer_idcustomer, bmpacreq, bmdenum) VALUES (69, '客户名称1', 'YW16060014', '2016-06-10', '2016-06-23', '现金', null, null, 120.01, 'asdf', 0, 11, null, 11, 1, null, '1600011');
INSERT INTO bmorder (idbmorder, bmcusname, bmordernum, bmbillingdate, bmdeliverydate, bmpaymethod, bmcurrencytype, bmaddcosts, bmorderamount, bmcomments, bmstatus, bmcreateuserid, bmdelivery_idbmdelivery, tuser_iduser, tcustomer_idcustomer, bmpacreq, bmdenum) VALUES (70, '客户名称1', 'YW16060016', '2016-06-28', null, '现金', null, null, 0.00, '', 0, 11, null, 11, 1, null, null);
INSERT INTO bmorder (idbmorder, bmcusname, bmordernum, bmbillingdate, bmdeliverydate, bmpaymethod, bmcurrencytype, bmaddcosts, bmorderamount, bmcomments, bmstatus, bmcreateuserid, bmdelivery_idbmdelivery, tuser_iduser, tcustomer_idcustomer, bmpacreq, bmdenum) VALUES (71, '客户名称1', 'YW16060018', '2016-06-29', '2016-06-29', '现金', null, null, 30.00, 'adfsdf', 0, 11, null, 11, 1, null, null);
INSERT INTO bmorder (idbmorder, bmcusname, bmordernum, bmbillingdate, bmdeliverydate, bmpaymethod, bmcurrencytype, bmaddcosts, bmorderamount, bmcomments, bmstatus, bmcreateuserid, bmdelivery_idbmdelivery, tuser_iduser, tcustomer_idcustomer, bmpacreq, bmdenum) VALUES (72, '客户名称1', 'YW16060020', '2016-06-29', '2016-06-29', '现金', null, null, 11.01, 'asdf', 0, 11, null, 11, 1, null, null);
INSERT INTO bmorder (idbmorder, bmcusname, bmordernum, bmbillingdate, bmdeliverydate, bmpaymethod, bmcurrencytype, bmaddcosts, bmorderamount, bmcomments, bmstatus, bmcreateuserid, bmdelivery_idbmdelivery, tuser_iduser, tcustomer_idcustomer, bmpacreq, bmdenum) VALUES (73, '客户名称1', 'YW16060022', '2016-06-29', null, '现金', null, null, 0.00, 'asdf', 0, 11, null, 11, 1, null, null);
INSERT INTO bmorder (idbmorder, bmcusname, bmordernum, bmbillingdate, bmdeliverydate, bmpaymethod, bmcurrencytype, bmaddcosts, bmorderamount, bmcomments, bmstatus, bmcreateuserid, bmdelivery_idbmdelivery, tuser_iduser, tcustomer_idcustomer, bmpacreq, bmdenum) VALUES (74, '客户名称1', 'YW16060024', '2016-06-29', null, '现金', null, null, 0.00, '', 0, 11, null, 11, 1, null, null);
INSERT INTO bmorder (idbmorder, bmcusname, bmordernum, bmbillingdate, bmdeliverydate, bmpaymethod, bmcurrencytype, bmaddcosts, bmorderamount, bmcomments, bmstatus, bmcreateuserid, bmdelivery_idbmdelivery, tuser_iduser, tcustomer_idcustomer, bmpacreq, bmdenum) VALUES (75, '客户名称1', 'YW16060025', '2016-06-29', null, '现金', null, null, 0.00, 'asdf', 0, 11, null, 11, 1, null, null);
INSERT INTO bmorder (idbmorder, bmcusname, bmordernum, bmbillingdate, bmdeliverydate, bmpaymethod, bmcurrencytype, bmaddcosts, bmorderamount, bmcomments, bmstatus, bmcreateuserid, bmdelivery_idbmdelivery, tuser_iduser, tcustomer_idcustomer, bmpacreq, bmdenum) VALUES (76, '客户名称22', 'YW16060027', '2016-06-29', null, '现金', null, null, 0.00, '', 0, 11, null, 11, 3, null, null);
INSERT INTO bmorder (idbmorder, bmcusname, bmordernum, bmbillingdate, bmdeliverydate, bmpaymethod, bmcurrencytype, bmaddcosts, bmorderamount, bmcomments, bmstatus, bmcreateuserid, bmdelivery_idbmdelivery, tuser_iduser, tcustomer_idcustomer, bmpacreq, bmdenum) VALUES (77, 'asdf', 'YW16060028', '2016-06-29', null, '现金', null, null, 0.00, '', 0, 11, null, 11, 9, null, null);
INSERT INTO bmorder (idbmorder, bmcusname, bmordernum, bmbillingdate, bmdeliverydate, bmpaymethod, bmcurrencytype, bmaddcosts, bmorderamount, bmcomments, bmstatus, bmcreateuserid, bmdelivery_idbmdelivery, tuser_iduser, tcustomer_idcustomer, bmpacreq, bmdenum) VALUES (78, 'asdf', 'YW16060029', '2016-06-30', null, '现金', null, null, 12.00, 'asdf', 0, 11, null, 11, 9, null, null);
INSERT INTO bmorder (idbmorder, bmcusname, bmordernum, bmbillingdate, bmdeliverydate, bmpaymethod, bmcurrencytype, bmaddcosts, bmorderamount, bmcomments, bmstatus, bmcreateuserid, bmdelivery_idbmdelivery, tuser_iduser, tcustomer_idcustomer, bmpacreq, bmdenum) VALUES (79, '客户名称1', 'YW16060030', '2016-06-30', null, '现金', null, null, 1.00, '', 0, 11, null, 11, 1, null, null);
INSERT INTO bmorder (idbmorder, bmcusname, bmordernum, bmbillingdate, bmdeliverydate, bmpaymethod, bmcurrencytype, bmaddcosts, bmorderamount, bmcomments, bmstatus, bmcreateuserid, bmdelivery_idbmdelivery, tuser_iduser, tcustomer_idcustomer, bmpacreq, bmdenum) VALUES (80, '客户名称1', 'YW16060031', '2016-06-30', null, '现金', null, null, 10.00, '', 0, 11, null, 11, 1, null, null);
INSERT INTO bmorder (idbmorder, bmcusname, bmordernum, bmbillingdate, bmdeliverydate, bmpaymethod, bmcurrencytype, bmaddcosts, bmorderamount, bmcomments, bmstatus, bmcreateuserid, bmdelivery_idbmdelivery, tuser_iduser, tcustomer_idcustomer, bmpacreq, bmdenum) VALUES (81, '客户名称1', 'YW16060032', '2016-06-30', null, '现金', null, null, 10.00, '', 0, 11, null, 11, 1, null, null);
INSERT INTO bmorder (idbmorder, bmcusname, bmordernum, bmbillingdate, bmdeliverydate, bmpaymethod, bmcurrencytype, bmaddcosts, bmorderamount, bmcomments, bmstatus, bmcreateuserid, bmdelivery_idbmdelivery, tuser_iduser, tcustomer_idcustomer, bmpacreq, bmdenum) VALUES (82, '客户名称1', 'YW16060033', '2016-06-30', null, '现金', null, null, 0.00, '', 0, 11, null, 11, 1, null, null);
INSERT INTO bmorder (idbmorder, bmcusname, bmordernum, bmbillingdate, bmdeliverydate, bmpaymethod, bmcurrencytype, bmaddcosts, bmorderamount, bmcomments, bmstatus, bmcreateuserid, bmdelivery_idbmdelivery, tuser_iduser, tcustomer_idcustomer, bmpacreq, bmdenum) VALUES (83, '客户名称1', 'YW16060034', '2016-06-30', null, '现金', null, null, 10.00, '', 0, 11, null, 11, 1, null, null);
INSERT INTO bmorder (idbmorder, bmcusname, bmordernum, bmbillingdate, bmdeliverydate, bmpaymethod, bmcurrencytype, bmaddcosts, bmorderamount, bmcomments, bmstatus, bmcreateuserid, bmdelivery_idbmdelivery, tuser_iduser, tcustomer_idcustomer, bmpacreq, bmdenum) VALUES (84, '客户名称1', 'YW16060035', '2016-06-30', null, '现金', null, null, 20.00, '', 0, 11, null, 11, 1, null, null);
INSERT INTO bmorder (idbmorder, bmcusname, bmordernum, bmbillingdate, bmdeliverydate, bmpaymethod, bmcurrencytype, bmaddcosts, bmorderamount, bmcomments, bmstatus, bmcreateuserid, bmdelivery_idbmdelivery, tuser_iduser, tcustomer_idcustomer, bmpacreq, bmdenum) VALUES (85, '客户名称1', 'YW16060036', '2016-06-30', null, '现金', null, null, 10.00, '', 0, 11, null, 11, 1, null, null);
INSERT INTO bmorder (idbmorder, bmcusname, bmordernum, bmbillingdate, bmdeliverydate, bmpaymethod, bmcurrencytype, bmaddcosts, bmorderamount, bmcomments, bmstatus, bmcreateuserid, bmdelivery_idbmdelivery, tuser_iduser, tcustomer_idcustomer, bmpacreq, bmdenum) VALUES (86, '客户名称1', 'YW16060037', '2016-06-30', null, '现金', null, null, 0.00, '', 0, 11, null, 11, 1, null, null);
INSERT INTO bmorder (idbmorder, bmcusname, bmordernum, bmbillingdate, bmdeliverydate, bmpaymethod, bmcurrencytype, bmaddcosts, bmorderamount, bmcomments, bmstatus, bmcreateuserid, bmdelivery_idbmdelivery, tuser_iduser, tcustomer_idcustomer, bmpacreq, bmdenum) VALUES (87, '客户名称1', 'YW16060038', '2016-06-30', null, '现金', null, null, 100.00, '', 0, 11, null, 11, 1, null, null);
INSERT INTO bmorder (idbmorder, bmcusname, bmordernum, bmbillingdate, bmdeliverydate, bmpaymethod, bmcurrencytype, bmaddcosts, bmorderamount, bmcomments, bmstatus, bmcreateuserid, bmdelivery_idbmdelivery, tuser_iduser, tcustomer_idcustomer, bmpacreq, bmdenum) VALUES (88, '客户名称1', 'YW16060039', '2016-06-30', null, '现金', null, null, 111.11, '', 0, 11, null, 11, 1, null, null);
INSERT INTO bmorder (idbmorder, bmcusname, bmordernum, bmbillingdate, bmdeliverydate, bmpaymethod, bmcurrencytype, bmaddcosts, bmorderamount, bmcomments, bmstatus, bmcreateuserid, bmdelivery_idbmdelivery, tuser_iduser, tcustomer_idcustomer, bmpacreq, bmdenum) VALUES (89, '客户名称1', 'YW16060040', '2016-06-30', null, '现金', null, null, 10.00, '', 0, 11, null, 11, 1, null, null);
INSERT INTO bmorder (idbmorder, bmcusname, bmordernum, bmbillingdate, bmdeliverydate, bmpaymethod, bmcurrencytype, bmaddcosts, bmorderamount, bmcomments, bmstatus, bmcreateuserid, bmdelivery_idbmdelivery, tuser_iduser, tcustomer_idcustomer, bmpacreq, bmdenum) VALUES (90, '客户名称1', 'YW16060041', '2016-06-30', null, '现金', null, null, 1000.00, '', 0, 11, null, 11, 1, null, '1600012');
INSERT INTO bmorder (idbmorder, bmcusname, bmordernum, bmbillingdate, bmdeliverydate, bmpaymethod, bmcurrencytype, bmaddcosts, bmorderamount, bmcomments, bmstatus, bmcreateuserid, bmdelivery_idbmdelivery, tuser_iduser, tcustomer_idcustomer, bmpacreq, bmdenum) VALUES (91, 'dd', 'YW16070002', '2016-07-02', null, '现金', null, null, 0.00, 'sadf', 0, 11, null, 11, 11, null, null);
INSERT INTO bmorder (idbmorder, bmcusname, bmordernum, bmbillingdate, bmdeliverydate, bmpaymethod, bmcurrencytype, bmaddcosts, bmorderamount, bmcomments, bmstatus, bmcreateuserid, bmdelivery_idbmdelivery, tuser_iduser, tcustomer_idcustomer, bmpacreq, bmdenum) VALUES (92, 'ddd', 'YW16070003', '2016-07-02', null, '现金', null, null, 10.01, 'asdf', 0, 11, null, 11, 12, null, '1600013');
INSERT INTO bmorder (idbmorder, bmcusname, bmordernum, bmbillingdate, bmdeliverydate, bmpaymethod, bmcurrencytype, bmaddcosts, bmorderamount, bmcomments, bmstatus, bmcreateuserid, bmdelivery_idbmdelivery, tuser_iduser, tcustomer_idcustomer, bmpacreq, bmdenum) VALUES (93, '星河', 'YW16070004', '2016-07-02', null, '现金', null, null, 230.00, '撒旦法', 0, 11, null, 11, 13, null, '1600014');
INSERT INTO bmorder (idbmorder, bmcusname, bmordernum, bmbillingdate, bmdeliverydate, bmpaymethod, bmcurrencytype, bmaddcosts, bmorderamount, bmcomments, bmstatus, bmcreateuserid, bmdelivery_idbmdelivery, tuser_iduser, tcustomer_idcustomer, bmpacreq, bmdenum) VALUES (94, '客户名称1', 'YW16070005', '2016-07-04', null, '现金', null, null, 153.01, '', 0, 11, null, 11, 1, null, null);
INSERT INTO bmorder (idbmorder, bmcusname, bmordernum, bmbillingdate, bmdeliverydate, bmpaymethod, bmcurrencytype, bmaddcosts, bmorderamount, bmcomments, bmstatus, bmcreateuserid, bmdelivery_idbmdelivery, tuser_iduser, tcustomer_idcustomer, bmpacreq, bmdenum) VALUES (95, '客户名称1', 'YW16070006', '2016-07-04', null, '现金', null, null, 123.00, '', 0, 11, null, 11, 1, null, null);
INSERT INTO bmorder (idbmorder, bmcusname, bmordernum, bmbillingdate, bmdeliverydate, bmpaymethod, bmcurrencytype, bmaddcosts, bmorderamount, bmcomments, bmstatus, bmcreateuserid, bmdelivery_idbmdelivery, tuser_iduser, tcustomer_idcustomer, bmpacreq, bmdenum) VALUES (96, '客户名称1', 'YW16070007', '2016-07-04', null, '现金', null, null, 123.23, '', 0, 11, null, 11, 1, null, null);
INSERT INTO bmorder (idbmorder, bmcusname, bmordernum, bmbillingdate, bmdeliverydate, bmpaymethod, bmcurrencytype, bmaddcosts, bmorderamount, bmcomments, bmstatus, bmcreateuserid, bmdelivery_idbmdelivery, tuser_iduser, tcustomer_idcustomer, bmpacreq, bmdenum) VALUES (97, '客户名称1', 'YW16070008', '2016-07-09', null, '现金', null, null, 1513.00, 'asdf', 0, 11, null, 11, 1, null, null);
DROP TABLE bmorderitem;
CREATE TABLE bmorderitem (idbmitem int NOT NULL AUTO_INCREMENT, bmiproname varchar(100) COMMENT '产品名称', bmiprotype int COMMENT '产品类型', bmiprice decimal(16,3), bminum int COMMENT '数量', bmiamount decimal(16,2) COMMENT '金额', bmiistax int COMMENT '是否含税', bmioutternum varchar(45) COMMENT '外发编号', bmorderitemcol varchar(45) COMMENT '产品规格', bmorder_idbmorder int NOT NULL, bmipacreq varchar(200), bmiunit varchar(45), bmiremark varchar(450), PRIMARY KEY (idbmitem), INDEX fk_bmorderitem_bmorder1_idx (bmorder_idbmorder)) ENGINE=InnoDB DEFAULT CHARSET=utf8 COMMENT='订单项';
INSERT INTO bmorderitem (idbmitem, bmiproname, bmiprotype, bmiprice, bminum, bmiamount, bmiistax, bmioutternum, bmorderitemcol, bmorder_idbmorder, bmipacreq, bmiunit, bmiremark) VALUES (18, 'asd', 4, 1.000, 1, 1.00, 0, 'as', '123', 13, null, null, null);
INSERT INTO bmorderitem (idbmitem, bmiproname, bmiprotype, bmiprice, bminum, bmiamount, bmiistax, bmioutternum, bmorderitemcol, bmorder_idbmorder, bmipacreq, bmiunit, bmiremark) VALUES (20, 'asd', 4, 1111.000, 1, 1111.00, 0, '', '', 14, null, null, null);
INSERT INTO bmorderitem (idbmitem, bmiproname, bmiprotype, bmiprice, bminum, bmiamount, bmiistax, bmioutternum, bmorderitemcol, bmorder_idbmorder, bmipacreq, bmiunit, bmiremark) VALUES (21, 'as', 4, 12.000, 1, 12.00, 0, '外发编号', '产品规格', 13, null, null, null);
INSERT INTO bmorderitem (idbmitem, bmiproname, bmiprotype, bmiprice, bminum, bmiamount, bmiistax, bmioutternum, bmorderitemcol, bmorder_idbmorder, bmipacreq, bmiunit, bmiremark) VALUES (22, '12', 4, 1222.000, 2, 2444.00, 0, 'as', '123', 15, null, null, null);
INSERT INTO bmorderitem (idbmitem, bmiproname, bmiprotype, bmiprice, bminum, bmiamount, bmiistax, bmioutternum, bmorderitemcol, bmorder_idbmorder, bmipacreq, bmiunit, bmiremark) VALUES (23, 'asdf', 3, 1111.000, 1, 1111.00, 0, 'asd', '123', 19, null, null, null);
INSERT INTO bmorderitem (idbmitem, bmiproname, bmiprotype, bmiprice, bminum, bmiamount, bmiistax, bmioutternum, bmorderitemcol, bmorder_idbmorder, bmipacreq, bmiunit, bmiremark) VALUES (24, 'adf', 2, 1111.000, 1, 1111.00, 0, '123', '', 18, null, null, null);
INSERT INTO bmorderitem (idbmitem, bmiproname, bmiprotype, bmiprice, bminum, bmiamount, bmiistax, bmioutternum, bmorderitemcol, bmorder_idbmorder, bmipacreq, bmiunit, bmiremark) VALUES (25, 'sdf', 2, 123.000, 1, 123.00, 0, 'asdf', 'asd', 20, 'af33包装要求', null, null);
INSERT INTO bmorderitem (idbmitem, bmiproname, bmiprotype, bmiprice, bminum, bmiamount, bmiistax, bmioutternum, bmorderitemcol, bmorder_idbmorder, bmipacreq, bmiunit, bmiremark) VALUES (26, 'asdf', 2, 122.000, 1, 122.00, 0, '123', '12产品规格', 20, '1sd', null, null);
INSERT INTO bmorderitem (idbmitem, bmiproname, bmiprotype, bmiprice, bminum, bmiamount, bmiistax, bmioutternum, bmorderitemcol, bmorder_idbmorder, bmipacreq, bmiunit, bmiremark) VALUES (27, '按时', 2, 12.000, 100, 1200.00, 0, '按时的33', '200*100', 21, 'asf', '件', null);
INSERT INTO bmorderitem (idbmitem, bmiproname, bmiprotype, bmiprice, bminum, bmiamount, bmiistax, bmioutternum, bmorderitemcol, bmorder_idbmorder, bmipacreq, bmiunit, bmiremark) VALUES (28, 'as', 0, 0.120, 10000, 1200.00, 1, '撒旦法', '按时', 22, '包装要求', '件', null);
INSERT INTO bmorderitem (idbmitem, bmiproname, bmiprotype, bmiprice, bminum, bmiamount, bmiistax, bmioutternum, bmorderitemcol, bmorder_idbmorder, bmipacreq, bmiunit, bmiremark) VALUES (29, '123', 2, 111.000, 1, 111.00, 1, '', '', 24, '', '件', null);
INSERT INTO bmorderitem (idbmitem, bmiproname, bmiprotype, bmiprice, bminum, bmiamount, bmiistax, bmioutternum, bmorderitemcol, bmorder_idbmorder, bmipacreq, bmiunit, bmiremark) VALUES (30, 'asd', 2, 0.120, 10000, 1200.00, 1, 'asd', 'asd', 25, 'asd', '本', null);
INSERT INTO bmorderitem (idbmitem, bmiproname, bmiprotype, bmiprice, bminum, bmiamount, bmiistax, bmioutternum, bmorderitemcol, bmorder_idbmorder, bmipacreq, bmiunit, bmiremark) VALUES (31, '123', 2, 0.010, 1000, 10.00, 1, '', '', 25, '', '本', null);
INSERT INTO bmorderitem (idbmitem, bmiproname, bmiprotype, bmiprice, bminum, bmiamount, bmiistax, bmioutternum, bmorderitemcol, bmorder_idbmorder, bmipacreq, bmiunit, bmiremark) VALUES (32, '123', 2, 0.130, 100, 13.00, 1, '', '', 26, '', '本', null);
INSERT INTO bmorderitem (idbmitem, bmiproname, bmiprotype, bmiprice, bminum, bmiamount, bmiistax, bmioutternum, bmorderitemcol, bmorder_idbmorder, bmipacreq, bmiunit, bmiremark) VALUES (33, '123', 2, 0.210, 100, 21.00, 1, '', '', 27, '', '本', null);
INSERT INTO bmorderitem (idbmitem, bmiproname, bmiprotype, bmiprice, bminum, bmiamount, bmiistax, bmioutternum, bmorderitemcol, bmorder_idbmorder, bmipacreq, bmiunit, bmiremark) VALUES (34, '12', 2, 0.010, 1000, 10.00, 1, '', '', 28, '', '本', null);
INSERT INTO bmorderitem (idbmitem, bmiproname, bmiprotype, bmiprice, bminum, bmiamount, bmiistax, bmioutternum, bmorderitemcol, bmorder_idbmorder, bmipacreq, bmiunit, bmiremark) VALUES (36, 'asd', 2, 0.110, 1, 0.11, 1, '', '', 29, '', '本', null);
INSERT INTO bmorderitem (idbmitem, bmiproname, bmiprotype, bmiprice, bminum, bmiamount, bmiistax, bmioutternum, bmorderitemcol, bmorder_idbmorder, bmipacreq, bmiunit, bmiremark) VALUES (38, '123', 2, 0.120, 1000, 120.00, 1, 'asdf', '123', 31, 'asd', '本', null);
INSERT INTO bmorderitem (idbmitem, bmiproname, bmiprotype, bmiprice, bminum, bmiamount, bmiistax, bmioutternum, bmorderitemcol, bmorder_idbmorder, bmipacreq, bmiunit, bmiremark) VALUES (39, 'asd', 2, 0.120, 10000, 1200.00, 1, '', '', 32, '', '本', null);
INSERT INTO bmorderitem (idbmitem, bmiproname, bmiprotype, bmiprice, bminum, bmiamount, bmiistax, bmioutternum, bmorderitemcol, bmorder_idbmorder, bmipacreq, bmiunit, bmiremark) VALUES (41, 'ads', 2, 0.120, 100, 12.00, 1, '', '', 34, '', '本', null);
INSERT INTO bmorderitem (idbmitem, bmiproname, bmiprotype, bmiprice, bminum, bmiamount, bmiistax, bmioutternum, bmorderitemcol, bmorder_idbmorder, bmipacreq, bmiunit, bmiremark) VALUES (42, 'adf', 2, 0.120, 1000000, 120000.00, 1, '', '', 35, '', '本', null);
INSERT INTO bmorderitem (idbmitem, bmiproname, bmiprotype, bmiprice, bminum, bmiamount, bmiistax, bmioutternum, bmorderitemcol, bmorder_idbmorder, bmipacreq, bmiunit, bmiremark) VALUES (46, 'ad', 2, 0.120, 100, 12.00, 1, '', '', 51, '', '本', null);
INSERT INTO bmorderitem (idbmitem, bmiproname, bmiprotype, bmiprice, bminum, bmiamount, bmiistax, bmioutternum, bmorderitemcol, bmorder_idbmorder, bmipacreq, bmiunit, bmiremark) VALUES (47, 'asd', 2, 0.110, 10000, 1100.00, 1, 'asd', 'asd', 52, 'sa', '本', null);
INSERT INTO bmorderitem (idbmitem, bmiproname, bmiprotype, bmiprice, bminum, bmiamount, bmiistax, bmioutternum, bmorderitemcol, bmorder_idbmorder, bmipacreq, bmiunit, bmiremark) VALUES (48, '100asd', 2, 0.110, 1000, 110.00, 1, '外发编号', '产品规格', 53, '包装要', '本', null);
INSERT INTO bmorderitem (idbmitem, bmiproname, bmiprotype, bmiprice, bminum, bmiamount, bmiistax, bmioutternum, bmorderitemcol, bmorder_idbmorder, bmipacreq, bmiunit, bmiremark) VALUES (49, 'asdf', 2, 1.000, 11000, 11000.00, 1, '外发编号', '产品规格', 53, '包装要求', '本', null);
INSERT INTO bmorderitem (idbmitem, bmiproname, bmiprotype, bmiprice, bminum, bmiamount, bmiistax, bmioutternum, bmorderitemcol, bmorder_idbmorder, bmipacreq, bmiunit, bmiremark) VALUES (50, 'ces', 2, 0.010, 10000, 100.00, 1, '外发编号', '产品规格', 54, '包装要求', '本', null);
INSERT INTO bmorderitem (idbmitem, bmiproname, bmiprotype, bmiprice, bminum, bmiamount, bmiistax, bmioutternum, bmorderitemcol, bmorder_idbmorder, bmipacreq, bmiunit, bmiremark) VALUES (51, '测试', 2, 12.000, 100, 1200.00, 1, '', '', 54, '', '本', null);
INSERT INTO bmorderitem (idbmitem, bmiproname, bmiprotype, bmiprice, bminum, bmiamount, bmiistax, bmioutternum, bmorderitemcol, bmorder_idbmorder, bmipacreq, bmiunit, bmiremark) VALUES (52, '产品名称', 2, 0.010, 1000, 10.00, 1, '外发编号', '产品规格', 55, '包装要求', '本', null);
INSERT INTO bmorderitem (idbmitem, bmiproname, bmiprotype, bmiprice, bminum, bmiamount, bmiistax, bmioutternum, bmorderitemcol, bmorder_idbmorder, bmipacreq, bmiunit, bmiremark) VALUES (53, 'asdf', 2, 0.600, 1000, 600.00, 1, '外发编号', '产品规格', 56, '包装要求', '本', null);
INSERT INTO bmorderitem (idbmitem, bmiproname, bmiprotype, bmiprice, bminum, bmiamount, bmiistax, bmioutternum, bmorderitemcol, bmorder_idbmorder, bmipacreq, bmiunit, bmiremark) VALUES (54, 'asd', 2, 0.100, 100, 10.00, 1, '', '', 61, '', '本', null);
INSERT INTO bmorderitem (idbmitem, bmiproname, bmiprotype, bmiprice, bminum, bmiamount, bmiistax, bmioutternum, bmorderitemcol, bmorder_idbmorder, bmipacreq, bmiunit, bmiremark) VALUES (55, 'ads', 2, 0.001, 10000, 10.00, 1, '外发编号', '产品规格', 62, '包装要求', '本', null);
INSERT INTO bmorderitem (idbmitem, bmiproname, bmiprotype, bmiprice, bminum, bmiamount, bmiistax, bmioutternum, bmorderitemcol, bmorder_idbmorder, bmipacreq, bmiunit, bmiremark) VALUES (56, '测试', 2, 0.001, 10000, 10.00, 1, '测', '测', 66, '测', '本', null);
INSERT INTO bmorderitem (idbmitem, bmiproname, bmiprotype, bmiprice, bminum, bmiamount, bmiistax, bmioutternum, bmorderitemcol, bmorder_idbmorder, bmipacreq, bmiunit, bmiremark) VALUES (58, '测试测试测试测试测试测试测试测试测试', 2, 0.002, 10000, 20.00, 1, '测', '测', 68, '测', '本', null);
INSERT INTO bmorderitem (idbmitem, bmiproname, bmiprotype, bmiprice, bminum, bmiamount, bmiistax, bmioutternum, bmorderitemcol, bmorder_idbmorder, bmipacreq, bmiunit, bmiremark) VALUES (59, '测试测试测试测试测试测试测试测试测试', 2, 0.002, 10000, 20.00, 1, '测', '测', 69, '测', '本', null);
INSERT INTO bmorderitem (idbmitem, bmiproname, bmiprotype, bmiprice, bminum, bmiamount, bmiistax, bmioutternum, bmorderitemcol, bmorder_idbmorder, bmipacreq, bmiunit, bmiremark) VALUES (60, '撒旦法', 2, 0.002, 10000, 20.00, 1, '', '', 71, '', '本', '');
INSERT INTO bmorderitem (idbmitem, bmiproname, bmiprotype, bmiprice, bminum, bmiamount, bmiistax, bmioutternum, bmorderitemcol, bmorder_idbmorder, bmipacreq, bmiunit, bmiremark) VALUES (61, 'asdf', 2, 0.001, 10000, 10.00, 1, 'asdf', 'asdf', 71, 'asdf ', '本', '备注');
INSERT INTO bmorderitem (idbmitem, bmiproname, bmiprotype, bmiprice, bminum, bmiamount, bmiistax, bmioutternum, bmorderitemcol, bmorder_idbmorder, bmipacreq, bmiunit, bmiremark) VALUES (62, 'asdf', 2, 0.001, 10000, 10.00, 1, 'asdf', 'asdf', 72, 'a', '本', '备注ads');
INSERT INTO bmorderitem (idbmitem, bmiproname, bmiprotype, bmiprice, bminum, bmiamount, bmiistax, bmioutternum, bmorderitemcol, bmorder_idbmorder, bmipacreq, bmiunit, bmiremark) VALUES (63, 'asdf', 2, 0.001, 1000, 1.00, 1, '', '', 79, '', '本', '');
INSERT INTO bmorderitem (idbmitem, bmiproname, bmiprotype, bmiprice, bminum, bmiamount, bmiistax, bmioutternum, bmorderitemcol, bmorder_idbmorder, bmipacreq, bmiunit, bmiremark) VALUES (64, 'asdf', 2, 0.001, 10000, 10.00, 1, '', '', 78, '', '本', '');
INSERT INTO bmorderitem (idbmitem, bmiproname, bmiprotype, bmiprice, bminum, bmiamount, bmiistax, bmioutternum, bmorderitemcol, bmorder_idbmorder, bmipacreq, bmiunit, bmiremark) VALUES (66, 'asdf', 2, 0.002, 1000, 2.00, 1, '', '', 78, '', '本', '');
INSERT INTO bmorderitem (idbmitem, bmiproname, bmiprotype, bmiprice, bminum, bmiamount, bmiistax, bmioutternum, bmorderitemcol, bmorder_idbmorder, bmipacreq, bmiunit, bmiremark) VALUES (67, 'qwe', 2, 0.001, 10000, 10.00, 1, '', '', 80, '', '本', '');
INSERT INTO bmorderitem (idbmitem, bmiproname, bmiprotype, bmiprice, bminum, bmiamount, bmiistax, bmioutternum, bmorderitemcol, bmorder_idbmorder, bmipacreq, bmiunit, bmiremark) VALUES (68, 'asdf', 2, 0.001, 10000, 10.00, 1, '', '', 81, '', '本', '');
INSERT INTO bmorderitem (idbmitem, bmiproname, bmiprotype, bmiprice, bminum, bmiamount, bmiistax, bmioutternum, bmorderitemcol, bmorder_idbmorder, bmipacreq, bmiunit, bmiremark) VALUES (77, 'asdf', 2, 0.001, 100, 0.00, 1, '', '', 82, '', '本', '');
INSERT INTO bmorderitem (idbmitem, bmiproname, bmiprotype, bmiprice, bminum, bmiamount, bmiistax, bmioutternum, bmorderitemcol, bmorder_idbmorder, bmipacreq, bmiunit, bmiremark) VALUES (78, 'asdf', 2, 0.002, 10000, 20.00, 1, '', '', 84, '', '本', '');
INSERT INTO bmorderitem (idbmitem, bmiproname, bmiprotype, bmiprice, bminum, bmiamount, bmiistax, bmioutternum, bmorderitemcol, bmorder_idbmorder, bmipacreq, bmiunit, bmiremark) VALUES (80, 'asdf', 2, 0.001, 10000, 10.00, 1, '', '', 85, '', '本', '');
INSERT INTO bmorderitem (idbmitem, bmiproname, bmiprotype, bmiprice, bminum, bmiamount, bmiistax, bmioutternum, bmorderitemcol, bmorder_idbmorder, bmipacreq, bmiunit, bmiremark) VALUES (85, 'asdf', 2, 0.010, 10000, 100.00, 1, '', '', 87, '', '本', '');
INSERT INTO bmorderitem (idbmitem, bmiproname, bmiprotype, bmiprice, bminum, bmiamount, bmiistax, bmioutternum, bmorderitemcol, bmorder_idbmorder, bmipacreq, bmiunit, bmiremark) VALUES (86, 'asdf', 2, 0.001, 111110, 111.11, 1, '', '', 88, '', '本', '');
INSERT INTO bmorderitem (idbmitem, bmiproname, bmiprotype, bmiprice, bminum, bmiamount, bmiistax, bmioutternum, bmorderitemcol, bmorder_idbmorder, bmipacreq, bmiunit, bmiremark) VALUES (87, 'asdf', 2, 0.001, 10000, 10.00, 1, '', '', 89, '', '本', '');
INSERT INTO bmorderitem (idbmitem, bmiproname, bmiprotype, bmiprice, bminum, bmiamount, bmiistax, bmioutternum, bmorderitemcol, bmorder_idbmorder, bmipacreq, bmiunit, bmiremark) VALUES (89, 'asfd', 2, 0.100, 10000, 1000.00, 1, '', '', 90, '', '本', '');
INSERT INTO bmorderitem (idbmitem, bmiproname, bmiprotype, bmiprice, bminum, bmiamount, bmiistax, bmioutternum, bmorderitemcol, bmorder_idbmorder, bmipacreq, bmiunit, bmiremark) VALUES (91, 'asd', 2, 0.001, 10000, 10.00, 1, '', '', 83, '', '本', '');
INSERT INTO bmorderitem (idbmitem, bmiproname, bmiprotype, bmiprice, bminum, bmiamount, bmiistax, bmioutternum, bmorderitemcol, bmorder_idbmorder, bmipacreq, bmiunit, bmiremark) VALUES (92, 'sadf', 2, 0.001, 10000, 10.00, 1, '', '', 92, '', '本', 'sadfsd');
INSERT INTO bmorderitem (idbmitem, bmiproname, bmiprotype, bmiprice, bminum, bmiamount, bmiistax, bmioutternum, bmorderitemcol, bmorder_idbmorder, bmipacreq, bmiunit, bmiremark) VALUES (94, 'asdf', 2, 0.001, 10000, 10.00, 1, '', '', 93, '', '本', '');
INSERT INTO bmorderitem (idbmitem, bmiproname, bmiprotype, bmiprice, bminum, bmiamount, bmiistax, bmioutternum, bmorderitemcol, bmorder_idbmorder, bmipacreq, bmiunit, bmiremark) VALUES (95, 'qwer', 2, 0.001, 30000, 30.00, 1, '', '', 94, '', '本', '');
INSERT INTO bmorderitem (idbmitem, bmiproname, bmiprotype, bmiprice, bminum, bmiamount, bmiistax, bmioutternum, bmorderitemcol, bmorder_idbmorder, bmipacreq, bmiunit, bmiremark) VALUES (96, '123', 2, 0.007, 10000, 70.00, 1, '', '', 97, '', '本', '');
DROP TABLE tcustomer;
CREATE TABLE tcustomer (idcustomer int NOT NULL AUTO_INCREMENT, cname varchar(80) NOT NULL, caddress varchar(100), csettype int, cofficername varchar(45), cofficeruid int, comments varchar(400), tcustomerappend_idcusapp int NOT NULL, tcustomertax_idtcustax int NOT NULL, PRIMARY KEY (idcustomer, tcustomerappend_idcusapp, tcustomertax_idtcustax), INDEX fk_tcustomer_tcustomerappend1_idx (tcustomerappend_idcusapp), INDEX fk_tcustomer_tcustomertax1_idx (tcustomertax_idtcustax)) ENGINE=InnoDB DEFAULT CHARSET=utf8 COMMENT='客户表';
INSERT INTO tcustomer (idcustomer, cname, caddress, csettype, cofficername, cofficeruid, comments, tcustomerappend_idcusapp, tcustomertax_idtcustax) VALUES (1, '客户名称1', '客户地址1', 0, 'admin', 11, '备注1', 1, 1);
INSERT INTO tcustomer (idcustomer, cname, caddress, csettype, cofficername, cofficeruid, comments, tcustomerappend_idcusapp, tcustomertax_idtcustax) VALUES (3, '客户名称22', '客户地址2', 1, '撒旦法', 6, '备注2', 3, 3);
INSERT INTO tcustomer (idcustomer, cname, caddress, csettype, cofficername, cofficeruid, comments, tcustomerappend_idcusapp, tcustomertax_idtcustax) VALUES (6, 'asdfa22', '', null, 'admin', 11, '', 6, 6);
INSERT INTO tcustomer (idcustomer, cname, caddress, csettype, cofficername, cofficeruid, comments, tcustomerappend_idcusapp, tcustomertax_idtcustax) VALUES (7, 'dddd', null, null, null, null, null, 7, 7);
INSERT INTO tcustomer (idcustomer, cname, caddress, csettype, cofficername, cofficeruid, comments, tcustomerappend_idcusapp, tcustomertax_idtcustax) VALUES (8, '112ddddd', null, null, null, null, null, 11, 11);
INSERT INTO tcustomer (idcustomer, cname, caddress, csettype, cofficername, cofficeruid, comments, tcustomerappend_idcusapp, tcustomertax_idtcustax) VALUES (9, 'asdf', null, null, null, null, null, 12, 12);
INSERT INTO tcustomer (idcustomer, cname, caddress, csettype, cofficername, cofficeruid, comments, tcustomerappend_idcusapp, tcustomertax_idtcustax) VALUES (10, 'asdfasdf', null, null, null, null, null, 13, 13);
INSERT INTO tcustomer (idcustomer, cname, caddress, csettype, cofficername, cofficeruid, comments, tcustomerappend_idcusapp, tcustomertax_idtcustax) VALUES (11, 'dd', null, null, null, null, null, 14, 14);
INSERT INTO tcustomer (idcustomer, cname, caddress, csettype, cofficername, cofficeruid, comments, tcustomerappend_idcusapp, tcustomertax_idtcustax) VALUES (12, 'ddd', null, null, null, null, null, 15, 15);
INSERT INTO tcustomer (idcustomer, cname, caddress, csettype, cofficername, cofficeruid, comments, tcustomerappend_idcusapp, tcustomertax_idtcustax) VALUES (13, '星河', null, null, null, null, null, 16, 16);
DROP TABLE tcustomerappend;
CREATE TABLE tcustomerappend (idcusapp int NOT NULL AUTO_INCREMENT, cacontacts varchar(45), capositions int, catelphone varchar(45), camphone varchar(45), cafax varchar(45), carecaddress varchar(200), cacomments varchar(45), PRIMARY KEY (idcusapp)) ENGINE=InnoDB DEFAULT CHARSET=utf8 COMMENT='客户附加信息表';
INSERT INTO tcustomerappend (idcusapp, cacontacts, capositions, catelphone, camphone, cafax, carecaddress, cacomments) VALUES (1, '联系人1', null, '电话1', '手机1', '传真1', '收货地址1', null);
INSERT INTO tcustomerappend (idcusapp, cacontacts, capositions, catelphone, camphone, cafax, carecaddress, cacomments) VALUES (3, '联系人2', null, '电话2', '手机2', '传真2', '收货地址2', null);
INSERT INTO tcustomerappend (idcusapp, cacontacts, capositions, catelphone, camphone, cafax, carecaddress, cacomments) VALUES (6, '', null, '', '', '', '', null);
INSERT INTO tcustomerappend (idcusapp, cacontacts, capositions, catelphone, camphone, cafax, carecaddress, cacomments) VALUES (7, '', null, null, '', null, null, null);
INSERT INTO tcustomerappend (idcusapp, cacontacts, capositions, catelphone, camphone, cafax, carecaddress, cacomments) VALUES (11, '', null, null, '', null, null, null);
INSERT INTO tcustomerappend (idcusapp, cacontacts, capositions, catelphone, camphone, cafax, carecaddress, cacomments) VALUES (12, '', null, null, '', null, null, null);
INSERT INTO tcustomerappend (idcusapp, cacontacts, capositions, catelphone, camphone, cafax, carecaddress, cacomments) VALUES (13, '', null, null, '', null, null, null);
INSERT INTO tcustomerappend (idcusapp, cacontacts, capositions, catelphone, camphone, cafax, carecaddress, cacomments) VALUES (14, '', null, null, '', null, null, null);
INSERT INTO tcustomerappend (idcusapp, cacontacts, capositions, catelphone, camphone, cafax, carecaddress, cacomments) VALUES (15, '', null, null, '', null, null, null);
INSERT INTO tcustomerappend (idcusapp, cacontacts, capositions, catelphone, camphone, cafax, carecaddress, cacomments) VALUES (16, '', null, null, '', null, null, null);
DROP TABLE tcustomertax;
CREATE TABLE tcustomertax (idtcustax int NOT NULL AUTO_INCREMENT, tctcompname varchar(100), tcbillingaddr varchar(100), tcbillingnum varchar(100), tcbankname varchar(50), tcbankaccount varchar(45), PRIMARY KEY (idtcustax)) ENGINE=InnoDB DEFAULT CHARSET=utf8 COMMENT=' 客户税信息表';
INSERT INTO tcustomertax (idtcustax, tctcompname, tcbillingaddr, tcbillingnum, tcbankname, tcbankaccount) VALUES (1, '单位名称1', '开票地址1', '税号1', '开户银行1', '账号1');
INSERT INTO tcustomertax (idtcustax, tctcompname, tcbillingaddr, tcbillingnum, tcbankname, tcbankaccount) VALUES (3, '单位名称2', '开票地址2', '税号2', '开户银行2', '账号2');
INSERT INTO tcustomertax (idtcustax, tctcompname, tcbillingaddr, tcbillingnum, tcbankname, tcbankaccount) VALUES (6, '', '', '', '', '');
INSERT INTO tcustomertax (idtcustax, tctcompname, tcbillingaddr, tcbillingnum, tcbankname, tcbankaccount) VALUES (7, null, null, null, '', null);
INSERT INTO tcustomertax (idtcustax, tctcompname, tcbillingaddr, tcbillingnum, tcbankname, tcbankaccount) VALUES (11, null, null, null, '', null);
INSERT INTO tcustomertax (idtcustax, tctcompname, tcbillingaddr, tcbillingnum, tcbankname, tcbankaccount) VALUES (12, null, null, null, '', null);
INSERT INTO tcustomertax (idtcustax, tctcompname, tcbillingaddr, tcbillingnum, tcbankname, tcbankaccount) VALUES (13, null, null, null, '', null);
INSERT INTO tcustomertax (idtcustax, tctcompname, tcbillingaddr, tcbillingnum, tcbankname, tcbankaccount) VALUES (14, null, null, null, '', null);
INSERT INTO tcustomertax (idtcustax, tctcompname, tcbillingaddr, tcbillingnum, tcbankname, tcbankaccount) VALUES (15, null, null, null, '', null);
INSERT INTO tcustomertax (idtcustax, tctcompname, tcbillingaddr, tcbillingnum, tcbankname, tcbankaccount) VALUES (16, null, null, null, '', null);
DROP TABLE tlogs;
CREATE TABLE tlogs (tlogsid int NOT NULL AUTO_INCREMENT, tltime datetime DEFAULT CURRENT_TIMESTAMP NOT NULL COMMENT '记录时间', tltype int COMMENT '操作类型', iduser int, idbmorder int, PRIMARY KEY (tlogsid)) ENGINE=InnoDB DEFAULT CHARSET=utf8 COMMENT='操作日志';
DROP TABLE trelunit;
CREATE TABLE trelunit (tuser_iduser int NOT NULL, tunits_idunit int NOT NULL, INDEX fk_trelunit_tuser_idx (tuser_iduser), INDEX fk_trelunit_tunits1_idx (tunits_idunit)) ENGINE=InnoDB DEFAULT CHARSET=utf8 COMMENT='机构人员关系表';
INSERT INTO trelunit (tuser_iduser, tunits_idunit) VALUES (6, 1);
INSERT INTO trelunit (tuser_iduser, tunits_idunit) VALUES (7, 1);
INSERT INTO trelunit (tuser_iduser, tunits_idunit) VALUES (8, 1);
INSERT INTO trelunit (tuser_iduser, tunits_idunit) VALUES (9, 1);
DROP TABLE tunits;
CREATE TABLE tunits (idunit int NOT NULL AUTO_INCREMENT, unitname varchar(45), pidunit varchar(45), PRIMARY KEY (idunit)) ENGINE=InnoDB DEFAULT CHARSET=utf8 COMMENT='机构表';
INSERT INTO tunits (idunit, unitname, pidunit) VALUES (1, '广州市永望纸品包装有限公司', '0');
INSERT INTO tunits (idunit, unitname, pidunit) VALUES (9, 'asdsdd', '1');
DROP TABLE tuser;
CREATE TABLE tuser (iduser int NOT NULL AUTO_INCREMENT, uname varchar(16) NOT NULL, uemail varchar(255), upwd varchar(32) NOT NULL, create_time datetime DEFAULT CURRENT_TIMESTAMP NOT NULL, umphone varchar(20), urealname varchar(45), uisdel int, PRIMARY KEY (iduser)) ENGINE=InnoDB DEFAULT CHARSET=utf8 COMMENT='用户表';
INSERT INTO tuser (iduser, uname, uemail, upwd, create_time, umphone, urealname, uisdel) VALUES (6, '撒旦法', '按时', 'e10adc3949ba59abbe56e057f20f883e', '2016-05-21 11:42:18', '12333', '按时的', 0);
INSERT INTO tuser (iduser, uname, uemail, upwd, create_time, umphone, urealname, uisdel) VALUES (7, '123', '1232@11.com', 'e10adc3949ba59abbe56e057f20f883e', '2016-05-21 11:55:29', '13333333333', '爱迪生', 1);
INSERT INTO tuser (iduser, uname, uemail, upwd, create_time, umphone, urealname, uisdel) VALUES (8, '1231', '123@', '4297f44b13955235245b2497399d7a93', '2016-05-21 11:59:30', '132222', '撒旦法', 0);
INSERT INTO tuser (iduser, uname, uemail, upwd, create_time, umphone, urealname, uisdel) VALUES (9, 'awe', 'qweq@qq.com', 'd41d8cd98f00b204e9800998ecf8427e', '2016-05-21 12:30:08', '13333333333', '按时的', 0);
INSERT INTO tuser (iduser, uname, uemail, upwd, create_time, umphone, urealname, uisdel) VALUES (11, 'admin', 'admin@admin.com', 'e10adc3949ba59abbe56e057f20f883e', '2016-05-21 11:42:18', '18888888888', '管理员', 0);
ALTER TABLE bmaddcosts ADD CONSTRAINT fk_bmaddcosts_bmorder1 FOREIGN KEY (bmorder_idbmorder) REFERENCES bmorder (idbmorder) ON DELETE NO ACTION ON UPDATE NO ACTION;
ALTER TABLE bmorder ADD CONSTRAINT fk_bmorder_tcustomer1 FOREIGN KEY (tcustomer_idcustomer) REFERENCES tcustomer (idcustomer) ON DELETE NO ACTION ON UPDATE NO ACTION;
ALTER TABLE bmorder ADD CONSTRAINT fk_bmorder_tuser1 FOREIGN KEY (tuser_iduser) REFERENCES tuser (iduser) ON DELETE NO ACTION ON UPDATE NO ACTION;
ALTER TABLE bmorderitem ADD CONSTRAINT fk_bmorderitem_bmorder1 FOREIGN KEY (bmorder_idbmorder) REFERENCES bmorder (idbmorder) ON DELETE NO ACTION ON UPDATE NO ACTION;
ALTER TABLE tcustomer ADD CONSTRAINT fk_tcustomer_tcustomerappend1 FOREIGN KEY (tcustomerappend_idcusapp) REFERENCES tcustomerappend (idcusapp) ON DELETE NO ACTION ON UPDATE NO ACTION;
ALTER TABLE tcustomer ADD CONSTRAINT fk_tcustomer_tcustomertax1 FOREIGN KEY (tcustomertax_idtcustax) REFERENCES tcustomertax (idtcustax) ON DELETE NO ACTION ON UPDATE NO ACTION;
ALTER TABLE trelunit ADD CONSTRAINT fk_trelunit_tunits1 FOREIGN KEY (tunits_idunit) REFERENCES tunits (idunit) ON DELETE NO ACTION ON UPDATE NO ACTION;
ALTER TABLE trelunit ADD CONSTRAINT fk_trelunit_tuser FOREIGN KEY (tuser_iduser) REFERENCES tuser (iduser) ON DELETE NO ACTION ON UPDATE NO ACTION;
